Model,MAE,RMSE,MAPE
Baseline,2.552987990454076,3.2215987980168665,0.2484074923745838
Regression,2.5877340917668974,3.306301814179938,0.24353693364090262
