sensor_id,model,MAE,RMSE,MAPE
Lixeira-A1,Baseline,2.461689627117904,2.9331189782000187,0.31880258926182564
Lixeira-A1,Regression,2.2882700223197436,2.7985707075112205,0.28791307620155887
Lixeira-A2,Baseline,2.392333500304106,3.1654811550418915,0.23892479502993916
Lixeira-A2,Regression,2.4975136026196383,3.3095202722176844,0.24636778575931503
Lixeira-A3,Baseline,2.8049408439402193,3.537320817080165,0.18749509283198662
Lixeira-A3,Regression,2.9774186503613116,3.742989797232818,0.19632993896183396
